test,predict
4.449555556,2.9880445
4.023333333,3.1224332
3.948444444,3.425952
3.3478888890000005,3.1539838
3.348,3.0710404
3.424,3.0653012
3.420888889,2.9005527
3.226666667,3.41621
3.051333333,3.0964267
3.029444444,3.0721166
3.196555556,3.143121
3.096888889,2.922217
3.162777778,2.9052908
3.1025555559999995,3.1050556
3.053555556,3.0689423
3.005888889,3.0486803
3.043444444,2.953395
3.149888889,2.8606663
3.121888889,2.9302616
3.016777778,2.893378
3.085555556,3.0358272
3.0960000000000005,2.9107456
2.971333333,2.8980882
