test,predict
3.621444444,3.818236
3.893555556,3.8069375
3.872444444,3.7737792
3.478777778,3.6991885
3.532222222,3.7341127
3.648,3.0146568
3.481777778,3.0005178
3.506666667,3.1324987
3.179333333,3.2391577
3.313111111,3.1585188
3.300666667,3.0063531
3.373333333,3.178952
3.3034444440000006,3.1630137
2.935666667,3.0168242
3.136444444,3.0573375
3.193333333,3.0210497
3.019444444,2.9357905
2.970666667,2.9465735
2.930666667,2.9716823
3.073555556,3.1158369
3.0666666670000002,3.7857862
3.059333333,3.2489817
2.94,3.3422093
