test,predict
4.222,3.5025368
4.002444444,3.8636696
3.968111111,3.915335
3.682666667,3.5686982
3.523333333,3.4008
3.397777778,3.151882
3.394666667,3.08628
3.356888889,3.079958
3.368555556,2.8758647
3.2877499999999995,2.8726168
3.325333333,3.0312686
3.407888889,3.2612789
3.1891111109999994,3.3400834
3.146,3.2083027
3.026111111,3.5916717
3.017888889,3.401693
2.975,3.3275642
3.088555556,3.305487
2.954666667,3.1115215
3.045555556,3.0255349
2.923111111,3.0072503
2.993111111,3.0073225
2.979,3.0337996
