test,predict
3.546444444,3.8167589
3.666222222,3.7952929
3.271777778,3.9143236
3.419888889,3.6407096
3.2675555560000005,3.2627826
3.297333333,3.434912
3.220222222,3.4394855
3.066444444,3.3658104
3.261555556,3.2479517
3.442888889,3.3397655
3.465555556,3.5502005
3.334333333,3.4018724
3.401333333,3.1957972
3.192333333,3.180782
3.067,3.2838173
2.997222222,3.0704021
2.784222222,3.0380595
2.89,3.0399725
2.818777778,3.3067744
2.868555556,3.1393697
2.731222222,3.9697886
2.762777778,4.0509024
2.698666667,3.7289596
