test,predict
3.439888889,3.3152988
3.566666667,3.5886798
3.6527777780000004,3.7546055
4.180555556,3.4501016
3.887,3.2444189
3.747111111,3.0677798
3.7238888889999995,2.986565
3.6333333329999995,2.941195
3.439555556,3.0306065
3.402666667,3.1008918
3.162777778,3.3188248
3.145888889,3.5435956
3.336222222,3.4838824
3.028777778,3.5066192
2.881555556,3.5579264
2.794666667,3.1912541
2.818555556,3.2878141
2.762222222,3.2953444
2.901111111,3.388197
2.9221111109999995,3.5200121
2.893666667,3.332099
2.941111111,3.3889647
2.9066666670000005,3.0428376
