test,predict
3.546444444,3.791288
3.666222222,3.6398685
3.271777778,3.612012
3.419888889,3.549772
3.2675555560000005,3.5737658
3.297333333,3.616341
3.220222222,3.370618
3.066444444,3.140448
3.261555556,3.1369367
3.442888889,3.1772747
3.465555556,3.7585132
3.334333333,3.8088126
3.401333333,3.2783418
3.192333333,3.2043684
3.067,3.098207
2.997222222,2.9109309
2.784222222,2.8195856
2.89,2.8227441
2.818777778,3.3490767
2.868555556,3.2529986
2.731222222,3.1768987
2.762777778,3.3681662
2.698666667,3.310334
